Record name,Module Record ID,Record ID,Created Time,Last Modified Time,CF.Row Number,CF.Items,CF.Description,CF.Quantity,CF.Rate
RFQ-1,4602503000020551058,4602503000020551103,2025-12-24 09:32:18,2025-12-24 09:32:18,1,Transportation Charge,"22 Quartz @ Shah Alam Plot 1. Lot 98514, Jln Padi U12/41, Seksyen U12, 40170 Shah Alam, SelSending Summer Solar System to Eng Han Enginnering Sdn Bhd. ",1,700.00
RFQ-2,4602503000020551670,4602503000020551672,2025-12-24 11:44:59,2025-12-24 11:44:59,1,SUMMER 450L SOLAR WATER HEATER TANK,,1,1561.82
RFQ-2,4602503000020551670,4602503000020551674,2025-12-24 11:44:59,2025-12-24 11:44:59,2,"PART KIT, 450L, DIRECT, CARTON",,1,433.94
RFQ-4,4602503000021340001,4602503000021340003,2025-12-30 09:07:27,2025-12-30 09:07:27,1,BRACKET - PV BATTERY L500MM X W240MM X H300MM WALL,,5,108.00
RFQ-3,4602503000021322670,4602503000021340511,2025-12-30 09:50:05,2025-12-30 09:50:05,1,Rail SLR-R02-Light 6100mm,,150,0.00
RFQ-3,4602503000021322670,4602503000021340513,2025-12-30 09:50:05,2025-12-30 09:50:05,2,Rail Splice,,300,0.00
RFQ-3,4602503000021322670,4602503000021340515,2025-12-30 09:50:05,2025-12-30 09:50:05,3,MID CLAMP 30MM SLR-MC-30-D ( AL6005-T5 / SUS 304 ),,1000,0.00
RFQ-3,4602503000021322670,4602503000021340517,2025-12-30 09:50:05,2025-12-30 09:50:05,4,END CLAMP 30MM SLR-EC-30-D ( AL6005-T5 / SUS 304 ),,500,0.00
RFQ-5,4602503000021340567,4602503000021340569,2025-12-30 11:08:25,2025-12-30 11:08:25,1,"HEATING ELEMENT INCOLOY 800, WHITE SEALANT, 9KW/415V, L450MM, STRAIGHT",,5,94.29
RFQ-6,4602503000021354149,4602503000021354182,2025-12-30 12:30:18,2025-12-30 12:30:18,1,Crane Rental (20 Tonne),IJM Construction Sdn Bhd PD-2148  Crane Type: 20 tonne  Delivery Date: 02/01/2026 (Full Day),1,950.00
RFQ-7,4602503000021394823,4602503000021394844,2025-12-31 10:24:53,2025-12-31 10:24:53,1,Labour - Manufacturing Services,To carton 5 units of Model : 300CX Tank and To Carton 10 pcs of CX Panel (Half Carton),2,
RFQ-7,4602503000021394823,4602503000021394846,2025-12-31 10:24:53,2025-12-31 10:24:53,2,"CARTON SUMMER, 300L / 66G, T515MM X W515MM X L2330MM","Tank Serial No. 1184710, 1184711, 1184712, 1184713 and 1184714",5,49.35
RFQ-7,4602503000021394823,4602503000021394848,2025-12-31 10:24:53,2025-12-31 10:24:53,3,"CARTON COLLECTOR, T85MM X W255MM X L1015MM","Panel Serial No. C2112920, C2112921, C2112922, C2112923, C2112924, C2112925, C2112926, C2112927, C2112928 and C2112929",20,1.79
RFQ-9,4602503000021552615,4602503000021552617,2026-01-06 08:58:26,2026-01-06 08:58:26,1,RS485 COMMUNICATION CABLE,,200,0.00
RFQ-9,4602503000021552615,4602503000021552619,2026-01-06 08:58:26,2026-01-06 08:58:26,2,RJ45 Connector,,50,0.00
RFQ-8,4602503000021552138,4602503000021552658,2026-01-06 09:09:23,2026-01-06 09:09:23,1,Transportation Charge,"Lorry Size: 3 tonne Pick Up Date: 07/01/2026 (Loading Time at 2.00pm) & Delivery Date : 08/01/2026 Destination:  19-G, Jalan Vervea 12, Aspen Vision City, Bandar Cassia, 14110 Batu Kawan, Pulau Pinang",1,950.00
RFQ-10,4602503000021579001,4602503000021579003,2026-01-06 10:25:27,2026-01-06 10:25:27,1,WCI FACTORY CUSTOM SERVICE,To convert MP55 (HWM) to (HFM) Serial No. 1182374 and 1182375,2,0.00
RFQ-11,4602503000021579962,4602503000021579964,2026-01-06 14:32:34,2026-01-06 14:32:34,1,Labour - Manufacturing Services,To carton 7 units of Model : 300CX Tank and To Carton 14 pcs of CX Panel (Half Carton),2,
RFQ-11,4602503000021579962,4602503000021579966,2026-01-06 14:32:34,2026-01-06 14:32:34,2,"CARTON SUMMER, 300L / 66G, T515MM X W515MM X L2330MM","Tank Serial No. 1184716, 1184717, 1184718, 1184719, 1184720, 1184721 and 1184722",7,49.35
RFQ-11,4602503000021579962,4602503000021579968,2026-01-06 14:32:34,2026-01-06 14:32:34,3,"CARTON COLLECTOR, T85MM X W255MM X L1015MM","Panel Serial No. C2112930, C2112931, C2112932, C2112933, C2112934, C2112935, C2112936, C2112937, C2112938, C2112939, C2112940, C2112941, C2112942 and C2112943",28,1.79
RFQ-12,4602503000021544393,4602503000021544414,2026-01-06 14:35:51,2026-01-06 14:35:51,1,Crane Rental (20 Tonne),IJM Construction Sdn Bhd PD-2148  Crane Type: 20 tonne  Delivery Date: 07/01/2026 (Full Day),1,950.00
RFQ-13,4602503000021585657,4602503000021585659,2026-01-06 17:28:23,2026-01-06 17:28:23,1,Crane Rental (20 Tonne),Low Chee An BC-2183 Crane Type: 20 tonne Delivery Date: 07/01/2026 (Full Day),1,950.00
RFQ-14,4602503000021613030,4602503000021613032,2026-01-07 10:02:58,2026-01-07 10:02:58,1,TILE HOOK #01-SLR-CTH-01 ( AL6005-5 / SUS 304 ) - POTRAIT,,500,0.00
RFQ-15,4602503000021613512,4602503000021613514,2026-01-07 15:50:41,2026-01-07 15:50:41,1,TERMINAL BLOCK @ CONNECTOR,"TERMINAL BLOCK - 24 WAY, 41A/500V",80,4.81
RFQ-16,4602503000021613533,4602503000021613535,2026-01-07 16:00:26,2026-01-07 16:00:26,1,Wire Tape 5 Mil x 18mm x 5M (Yellow),,200,0.00
RFQ-17,4602503000021652002,4602503000021652004,2026-01-08 08:52:24,2026-01-08 08:52:24,1,FLEXIBLE CONDUIT - 20MM - BLACK,,10,
RFQ-18,4602503000021654002,4602503000021654004,2026-01-08 09:20:14,2026-01-08 09:20:14,1,Skylift (27 M),"8/1/2026 full day solar pv installation at 41, JALAN 3/128A, TAMAN GEMBIRA, KUALA LUMPUR",1,
RFQ-19,4602503000021652043,4602503000021652045,2026-01-08 10:38:08,2026-01-08 10:38:08,1,"Check Valve 1/2'', BSP",,30,21.71
RFQ-20,4602503000021652154,4602503000021652191,2026-01-08 16:48:28,2026-01-08 16:48:28,1,Transportation Charge,"(15' ton - 32ft) Project Site at Taman Bukit Suria, Iskandar Puteri, Johor (Loading 12/01/26 at 5.00pm and Delivery on 13/01/26 at 9.00am)",1,1800.00
RFQ-21,4602503000021652203,4602503000021652205,2026-01-08 16:55:59,2026-01-08 16:55:59,1,"SUMMER SOLAR WATER HEATER TANK, DIRECT 180L, GVAL",,35,860.39
RFQ-21,4602503000021652203,4602503000021652207,2026-01-08 16:55:59,2026-01-08 16:55:59,2,"Summer Solar Collector, CX BlACK, ZnAl",,35,529.86
RFQ-21,4602503000021652203,4602503000021652209,2026-01-08 16:55:59,2026-01-08 16:55:59,3,"PART KIT, 180L, DIRECT, NO CARTON",,35,349.08
RFQ-22,4602503000021647243,4602503000021647245,2026-01-09 09:38:04,2026-01-09 09:38:04,1,"SUMMER SOLAR WATER HEATER TANK, 300L, GVAL",,40,1116.44
RFQ-22,4602503000021647243,4602503000021647247,2026-01-09 09:38:04,2026-01-09 09:38:04,2,"Summer Solar Collector, CX BlACK, ZnAl",,80,529.86
RFQ-22,4602503000021647243,4602503000021647249,2026-01-09 09:38:04,2026-01-09 09:38:04,3,"PART KIT, 300L, DIRECT, NO CARTON",,40,376.96
RFQ-23,4602503000021647465,4602503000021647556,2026-01-09 11:19:48,2026-01-09 11:19:48,1,DC CABLE - Fireproof 1C x 4mm^2 (1000 meters / Drum) Black,,2000,0.00
RFQ-24,4602503000021647838,4602503000021647840,2026-01-09 12:37:20,2026-01-09 12:37:20,1,BRACKET - PV BATTERY L500MM X W240MM X H300MM WALL,,10,108.00
RFQ-27,4602503000021736021,4602503000021736023,2026-01-12 09:34:58,2026-01-12 09:34:58,1,AC wire 6mmx100m BLACK,,5,0.00
RFQ-27,4602503000021736021,4602503000021736025,2026-01-12 09:34:58,2026-01-12 09:34:58,2,"AC WIRE, 6mmx100m, GREEN",,5,0.00
RFQ-28,4602503000021757926,4602503000021757928,2026-01-12 16:33:18,2026-01-12 16:33:18,1,MERU MP25 HCM WRAPPED CEV,,24,284.89
RFQ-28,4602503000021757926,4602503000021757930,2026-01-12 16:33:18,2026-01-12 16:33:18,2,MERU MP25HWM Wrapped CEV,,6,284.89
RFQ-30,4602503000021757976,4602503000021759363,2026-01-13 09:14:21,2026-01-13 09:14:21,1,"SUMMER SOLAR WATER HEATER TANK, DIRECT 180L, GVAL",,43,860.39
RFQ-30,4602503000021757976,4602503000021759365,2026-01-13 09:14:21,2026-01-13 09:14:21,2,"Summer Solar Collector, CX BlACK, ZnAl",,43,529.86
RFQ-30,4602503000021757976,4602503000021759367,2026-01-13 09:14:21,2026-01-13 09:14:21,3,"PART KIT, 180L, DIRECT, NO CARTON",,43,349.08
RFQ-29,4602503000021757949,4602503000021759403,2026-01-13 09:15:15,2026-01-13 09:15:15,1,"BOLT - SS304, M8 X 20MM X 1.25MM",,250,0.28
RFQ-29,4602503000021757949,4602503000021759405,2026-01-13 09:15:15,2026-01-13 09:15:15,2,"NUT SS304, M8",,250,0.10
RFQ-29,4602503000021757949,4602503000021759407,2026-01-13 09:15:15,2026-01-13 09:15:15,3,"DRILL BIT - HSS, OD3.0MM",,10,4.30
RFQ-29,4602503000021757949,4602503000021759409,2026-01-13 09:15:15,2026-01-13 09:15:15,4,,,,
RFQ-31,4602503000021781245,4602503000021759532,2026-01-13 09:29:39,2026-01-13 09:29:39,1,MERU MP125 - OD510MM VFM 1H NO 3KW WRAP CEV,,3,
RFQ-31,4602503000021781245,4602503000021759534,2026-01-13 09:29:39,2026-01-13 09:29:39,2,MP150-MERU-OD150MM-OC[ZNAL 0.45MM]-IT[SS304-1.2MM]-VFM-1H-NC-CEV-3KW-SOLARTECHWRAP,,2,
RFQ-31,4602503000021781245,4602503000021759536,2026-01-13 09:29:39,2026-01-13 09:29:39,3,MP55-MERU-OD430MM-OC[ZNAL 0.45MM]-IT[SS304-1.2MM]-HWM-1H-NC-CARTON-CEV-SOLARTECH,,1,
RFQ-32,4602503000021781637,4602503000021781658,2026-01-13 10:38:14,2026-01-13 10:38:14,1,WCI FACTORY CUSTOM SERVICE,"To Re-Do QC for return old stock from Penang Whse. Blue Panel (S/N. T157547, T162501, T162502, T16137, T155630) and 300TX Tank (S/N. 840870)",6,
RFQ-33,4602503000021781670,4602503000021781672,2026-01-13 10:43:42,2026-01-13 10:43:42,1,MERU MP75 HWM WRAPPED BASIC,,2,404.00
RFQ-34,4602503000021781749,4602503000021759882,2026-01-13 12:46:42,2026-01-13 12:46:42,1,Rail SLR-R02-Light 5200MM,,500,0.00
RFQ-34,4602503000021781749,4602503000021759884,2026-01-13 12:46:42,2026-01-13 12:46:42,2,Rail Splice,,1000,0.00
RFQ-34,4602503000021781749,4602503000021759886,2026-01-13 12:46:42,2026-01-13 12:46:42,3,MID CLAMP 30MM SLR-MC-30-D ( AL6005-T5 / SUS 304 ),,500,0.00
RFQ-34,4602503000021781749,4602503000021759888,2026-01-13 12:46:42,2026-01-13 12:46:42,4,END CLAMP 30MM SLR-EC-30-D ( AL6005-T5 / SUS 304 ),,500,0.00
RFQ-34,4602503000021781749,4602503000021759890,2026-01-13 12:46:42,2026-01-13 12:46:42,5,KLIPLOCK #32 UNIVERSAL,,200,0.00
RFQ-34,4602503000021781749,4602503000021759892,2026-01-13 12:46:42,2026-01-13 12:46:42,6,L Feet 21# with Bolt M8 x 25 and Nut,,1000,0.00
RFQ-34,4602503000021781749,4602503000021759894,2026-01-13 12:46:42,2026-01-13 12:46:42,7,GROUNDING LUG SLR-EK-D ( AL6005-5 / SUS 304 ),,500,0.00
RFQ-34,4602503000021781749,4602503000021759896,2026-01-13 12:46:42,2026-01-13 12:46:42,8,TILE HOOK #01-SLR-CTH-01 ( AL6005-5 / SUS 304 ) - POTRAIT,,500,0.00
RFQ-34,4602503000021781749,4602503000021759898,2026-01-13 12:46:42,2026-01-13 12:46:42,9,KLIP-LOK 700 Roof Hook (L-Type),,300,0.00
RFQ-35,4602503000021803432,4602503000021803434,2026-01-13 16:19:50,2026-01-13 16:19:50,1,"Summer Solar Collector, CX BlACK, ZnAl",,50,529.86
RFQ-36,4602503000021803500,4602503000021803502,2026-01-13 17:04:14,2026-01-13 17:04:14,1,"EXPANSION VALVE - 700KPA X 1/2"", BSP (with lever)",,20,17.55
RFQ-37,4602503000021802411,4602503000021802413,2026-01-14 08:08:14,2026-01-14 08:08:14,1,"SUMMER SOLAR WATER HEATER TANK, 300L, INDIRECT",,2,1500.45
RFQ-38,4602503000021802714,4602503000021802716,2026-01-14 10:09:24,2026-01-14 10:09:24,1,BRACKET - PV BATTERY L500MM X W240MM X H300MM WALL,,5,108.00
RFQ-39,4602503000021802737,4602503000021802739,2026-01-14 10:23:43,2026-01-14 10:23:43,1,Crane Rental (20 Tonne),"73, Jalan UP 3/1, Ukay Perdana, 68000 Ampang, Sel (PM-1/2 day)",1,650.00
RFQ-25,4602503000021654172,4602503000021807037,2026-01-14 10:47:37,2026-01-14 10:47:37,1,Crane Rental (20 Tonne),IJM Construction Sdn Bhd PD-2148  Crane Type: 20 tonne  Delivery Date: 12/01/2026 (Full Day),1,
RFQ-25,4602503000021654172,4602503000021807039,2026-01-14 10:47:37,2026-01-14 10:47:37,2,Crane Rental (20 Tonne),IJM Construction Sdn Bhd PD-2148  Crane Type: 20 tonne  Delivery Date: 13/01/2026 (Full Day),1,
RFQ-25,4602503000021654172,4602503000021807041,2026-01-14 10:47:37,2026-01-14 10:47:37,3,Crane Rental (20 Tonne),IJM Construction Sdn Bhd PD-2148  Crane Type: 20 tonne  Delivery Date: 14/01/2026 (Full Day),1,
RFQ-25,4602503000021654172,4602503000021807043,2026-01-14 10:47:37,2026-01-14 10:47:37,4,Crane Rental (20 Tonne),IJM Construction Sdn Bhd PD-2148  Crane Type: 20 tonne  Delivery Date: 15/01/2026 (Full Day),1,
RFQ-25,4602503000021654172,4602503000021807045,2026-01-14 10:47:37,2026-01-14 10:47:37,5,Crane Rental (20 Tonne),IJM Construction Sdn Bhd PD-2148  Crane Type: 20 tonne  Delivery Date: 16/01/2026 (Full Day),1,
RFQ-25,4602503000021654172,4602503000021807047,2026-01-14 10:47:37,2026-01-14 10:47:37,6,Crane Rental (20 Tonne),IJM Construction Sdn Bhd PD-2148  Crane Type: 20 tonne  Delivery Date: 17/01/2026 (Full Day),1,
RFQ-26,4602503000021654193,4602503000021807081,2026-01-14 10:53:53,2026-01-14 10:53:53,1,Transportation Charge,"(5 ton) Project Site at Phase 21, Lorong Fauna 2, Bandar Rimbayu, Teluk Panglima Garang (Loading 10/01/26 at 3.00pm and Delivery on 12/01/26 at 9.00am)",1,
RFQ-26,4602503000021654193,4602503000021807083,2026-01-14 10:53:53,2026-01-14 10:53:53,2,Transportation Charge,"(5 ton) Project Site at Phase 21, Lorong Fauna 2, Bandar Rimbayu, Teluk Panglima Garang (Loading 12/01/26 at 4.00pm and Delivery on 13/01/26 at 9.00am)",1,
RFQ-26,4602503000021654193,4602503000021807085,2026-01-14 10:53:53,2026-01-14 10:53:53,3,Transportation Charge,"(5 ton) Project Site at Phase 21, Lorong Fauna 2, Bandar Rimbayu, Teluk Panglima Garang (Loading 13/01/26 at 4.00pm and Delivery on 14/01/26 at 9.00am)",1,
RFQ-26,4602503000021654193,4602503000021807087,2026-01-14 10:53:53,2026-01-14 10:53:53,4,Transportation Charge,"(5 ton) Project Site at Phase 21, Lorong Fauna 2, Bandar Rimbayu, Teluk Panglima Garang (Loading 14/01/26 at 4.00pm and Delivery on 15/01/26 at 9.00am)",1,
RFQ-26,4602503000021654193,4602503000021807089,2026-01-14 10:53:53,2026-01-14 10:53:53,5,Transportation Charge,"(5 ton) Project Site at Phase 21, Lorong Fauna 2, Bandar Rimbayu, Teluk Panglima Garang (Loading 15/01/26 at 4.00pm and Delivery on 16/01/26 at 9.00am)",1,
RFQ-26,4602503000021654193,4602503000021807091,2026-01-14 10:53:53,2026-01-14 10:53:53,6,Transportation Charge,"(5 ton) Project Site at Phase 21, Lorong Fauna 2, Bandar Rimbayu, Teluk Panglima Garang (Loading 16/01/26 at 4.00pm and Delivery on 17/01/26 at 9.00am)",1,
RFQ-42,4602503000021838590,4602503000021838592,2026-01-14 14:51:57,2026-01-14 14:51:57,1,Silicon - Non Alcohol & Acid (GREY) -792N;Allyseal,,200,8.50
RFQ-46,4602503000021839626,4602503000021839628,2026-01-15 11:42:57,2026-01-15 11:42:57,1,GARDENA POP-UP SPRINKLE SD30,,7,0.00
RFQ-44,4602503000021839560,4602503000021839647,2026-01-15 11:47:54,2026-01-15 11:47:54,1,Combiner box 2 row 28 - 30 ways,,30,
RFQ-47,4602503000021875760,4602503000021875762,2026-01-15 17:13:07,2026-01-15 17:13:07,1,SUMMER 450L SOLAR WATER HEATER TANK,,2,1561.82
RFQ-48,4602503000021907045,4602503000021907047,2026-01-16 10:47:06,2026-01-16 10:47:06,1,"THERMOSTAT-AUTO ECO , 240VAC, 50HZ, 30A, 60C- 70C",,20,34.68
RFQ-49,4602503000021907066,4602503000021907068,2026-01-16 10:57:52,2026-01-16 10:57:52,1,"SUMMER SOLAR WATER HEATER TANK, DIRECT 180L, GVAL",,4,860.39
RFQ-49,4602503000021907066,4602503000021907070,2026-01-16 10:57:52,2026-01-16 10:57:52,2,"Summer Solar Collector, CX BlACK, ZnAl",,4,529.86
RFQ-49,4602503000021907066,4602503000021907072,2026-01-16 10:57:52,2026-01-16 10:57:52,3,"PART KIT, 180L, DIRECT, CARTON",,4,349.08
RFQ-49,4602503000021907066,4602503000021907074,2026-01-16 10:57:52,2026-01-16 10:57:52,4,"CARTON SUMMER, 180L/40G, T513MM x W255MM x L1015MM",,4,29.18
RFQ-49,4602503000021907066,4602503000021907076,2026-01-16 10:57:52,2026-01-16 10:57:52,5,"CARTON COLLECTOR, T85MM X W255MM X L1015MM",,8,1.79
RFQ-50,4602503000021907095,4602503000021907097,2026-01-16 11:13:25,2026-01-16 11:13:25,1,SUMMER 450L SOLAR WATER HEATER TANK,,2,1561.82
RFQ-50,4602503000021907095,4602503000021907099,2026-01-16 11:13:25,2026-01-16 11:13:25,2,"Summer Solar Collector, CX BlACK, ZnAl",,6,529.86
RFQ-50,4602503000021907095,4602503000021907101,2026-01-16 11:13:25,2026-01-16 11:13:25,3,"PART KIT, 450L, DIRECT, CARTON",,2,433.94
RFQ-50,4602503000021907095,4602503000021907103,2026-01-16 11:13:25,2026-01-16 11:13:25,4,"CARTON 450L/100G, T515MM X W515MM X L3370MM",,2,96.10
RFQ-50,4602503000021907095,4602503000021907105,2026-01-16 11:13:25,2026-01-16 11:13:25,5,"CARTON COLLECTOR, T85MM X W255MM X L1015MM",,12,1.79
RFQ-51,4602503000021907233,4602503000021907235,2026-01-16 12:40:21,2026-01-16 12:40:21,1,"Heating Element Incoloy 800, Red Sealant, 3kW/240V, L315mm, Straight",,30,23.83
RFQ-51,4602503000021907233,4602503000021907237,2026-01-16 12:40:21,2026-01-16 12:40:21,2,"GASKET HEATING ELEMENT BLACK, RUBBER, T11MM X W64MM X L64MM",,30,1.88
RFQ-53,4602503000021927001,4602503000021923041,2026-01-16 18:30:46,2026-01-16 18:30:46,,RAPID SHUTDOWN,HRSD-2C-B,650,
RFQ-53,4602503000021927001,4602503000021923043,2026-01-16 18:30:46,2026-01-16 18:30:46,,TRANSMITTER,HT-G20-Kit ,110,
RFQ-54,4602503000021992026,4602503000021992028,2026-01-19 09:11:10,2026-01-19 09:11:10,1,Labour - Manufacturing Services,"To carton 20 units of Model : 300CX Tank, To carton 1 unit 180CX Tank and To Carton 28 pcs of CX Panel (Half Carton)",1,
RFQ-54,4602503000021992026,4602503000021992030,2026-01-19 09:11:10,2026-01-19 09:11:10,2,"CARTON SUMMER, 300L / 66G, T515MM X W515MM X L2330MM","Tank Serial No. 1184726, 1184727, 1184728, 1184729, 1184730, 1184731, 1184732, 1184733, 1184734, 1184735, 1184736, 1184737, 1184738, 1184739, 1184740, 1184741, 1184742, 1184743, 1184744, and 1184745",20,49.35
RFQ-54,4602503000021992026,4602503000021992032,2026-01-19 09:11:10,2026-01-19 09:11:10,3,"CARTON COLLECTOR, T85MM X W255MM X L1015MM",Panel Serial No. C2112988 TO C2113015,56,1.79
RFQ-54,4602503000021992026,4602503000021992034,2026-01-19 09:11:10,2026-01-19 09:11:10,4,"CARTON SUMMER, 180L/40G, T513MM x W255MM x L1015MM",Tank Serial No. 1184626,1,29.18
RFQ-55,4602503000021992077,4602503000021992079,2026-01-19 09:20:11,2026-01-19 09:20:11,1,"COLLECTOR OLIVE – BRASS, 3/4”, THREADED",For Replacement,300,0.00
RFQ-56,4602503000021992138,4602503000021992140,2026-01-19 11:13:02,2026-01-19 11:13:02,1,"SOCKET PVC 1""",,500,0.00
RFQ-56,4602503000021992138,4602503000021992142,2026-01-19 11:13:02,2026-01-19 11:13:02,2,SLEEVE ANCHOR 3/8 M12,,200,0.00
RFQ-56,4602503000021992138,4602503000021992144,2026-01-19 11:13:02,2026-01-19 11:13:02,3,Female Adaptor PVC 1'',,100,0.00
RFQ-56,4602503000021992138,4602503000021992146,2026-01-19 11:13:02,2026-01-19 11:13:02,4,1000V 4mm^2 solar connector,SET MALE & FEMALE,200,0.00
RFQ-52,4602503000021907332,4602503000021997087,2026-01-19 11:14:41,2026-01-19 11:14:41,1,HUAWEI WLAN-FE DONGLE-SDONGLEA-05,IJM RIMBAYU 12KW INVERTER ,24,
RFQ-58,4602503000021992204,4602503000021992206,2026-01-19 14:04:20,2026-01-19 14:04:20,1,Transportation Charge,"Lorry Size: 5 tonne (18') Pick Up Date: 21/01/2026 (Loading Time at 2.30pm) & Delivery Date : 22/01/2026 Destination: 59, Jalan Bistari 16, Taman Industri Jaya, 81300 Skudai, Johor Bahru PIC : Alex (012-287 1099) / Mad (012-502 8241) 	",1,1100.00
RFQ-57,4602503000021992173,4602503000021997464,2026-01-19 15:29:43,2026-01-19 15:29:43,1,"KINETICO HYDRUS VALVE PARTS - IN/OUT ADAPTER, 2"", MNPT",,30,0.00
RFQ-57,4602503000021992173,4602503000021997466,2026-01-19 15:29:43,2026-01-19 15:29:43,2,"KINETICO HYDRUS VALVE PARTS - SEALS, O-RING IN/OUT, 228",,60,0.00
RFQ-57,4602503000021992173,4602503000021997468,2026-01-19 15:29:43,2026-01-19 15:29:43,3,KINETICO HYDRUS - ADAPTER E-CLIP,,30,0.00
RFQ-57,4602503000021992173,4602503000021997470,2026-01-19 15:29:43,2026-01-19 15:29:43,4,"KINETICO - FLOW CONTROL, HYD B/W UNDRLD - PART NO: 10919",,30,0.00
RFQ-57,4602503000021992173,4602503000021997472,2026-01-19 15:29:43,2026-01-19 15:29:43,5,"KINETICO HYDRUS VALVE PARTS - SEALS, O-RING, BACKWASH CONTROL",,30,0.00
RFQ-43,4602503000021807224,4602503000021997564,2026-01-19 16:14:52,2026-01-19 16:14:52,1,Cable Lug 6mm2,M5 X 6MM2,120,
RFQ-43,4602503000021807224,4602503000021997566,2026-01-19 16:14:52,2026-01-19 16:14:52,2,END CAP FOR CABLE LUG - 6MM,BLACK,120,
RFQ-45,4602503000021839583,4602503000021997670,2026-01-19 16:29:25,2026-01-19 16:29:25,1,AC wire 6mmx100m BLACK,,10,0.00
RFQ-45,4602503000021839583,4602503000021997672,2026-01-19 16:29:25,2026-01-19 16:29:25,2,"AC WIRE, 6mmx100m, GREEN",,10,0.00
RFQ-45,4602503000021839583,4602503000021997674,2026-01-19 16:29:25,2026-01-19 16:29:25,3,CABLE TIE 300mm,,10,0.00
RFQ-45,4602503000021839583,4602503000021997676,2026-01-19 16:29:25,2026-01-19 16:29:25,4,Flashing Tape - VT422 - 3 inches,,50,0.00
RFQ-45,4602503000021839583,4602503000021997678,2026-01-19 16:29:25,2026-01-19 16:29:25,5,Screw M4 x 38MM,,500,0.00
RFQ-45,4602503000021839583,4602503000021997680,2026-01-19 16:29:25,2026-01-19 16:29:25,6,"PVC CASING 2"" x 2"" x 6 FT",,50,0.00
RFQ-41,4602503000021807169,4602503000022027022,2026-01-20 09:50:48,2026-01-20 09:50:48,1,Huawei String Inverter 36kW 3 Phase,,1,
RFQ-41,4602503000021807169,4602503000022027024,2026-01-20 09:50:48,2026-01-20 09:50:48,2,Huawei String Inverter 30kW 3 Phase,,1,
RFQ-41,4602503000021807169,4602503000022027026,2026-01-20 09:50:48,2026-01-20 09:50:48,3,HUAWEI SMART ENERGY METER,DTSU666-H 250A/50mA ,1,
RFQ-41,4602503000021807169,4602503000022027028,2026-01-20 09:50:48,2026-01-20 09:50:48,4,RS485 COMMUNICATION CABLE,20 METER,1,
RFQ-41,4602503000021807169,4602503000022027030,2026-01-20 09:50:48,2026-01-20 09:50:48,5,CT Clamp - 3 CTs x 250A With Accessories,BIG SIZE,1,
RFQ-41,4602503000021807169,4602503000022027032,2026-01-20 09:50:48,2026-01-20 09:50:48,6,HUAWEI WLAN-FE DONGLE-SDONGLEA-05,,2,
RFQ-41,4602503000021807169,4602503000022027034,2026-01-20 09:50:48,2026-01-20 09:50:48,7,RAPID SHUTDOWN,,75,
RFQ-41,4602503000021807169,4602503000022027036,2026-01-20 09:50:48,2026-01-20 09:50:48,8,TRANSMITTER,,1,
RFQ-59,4602503000022023850,4602503000022023852,2026-01-20 10:28:51,2026-01-20 10:28:51,1,Crane Rental (20 Tonne),"90, Jalan Tempua 2, Bdr Puchong Jaya, 47100 Puchong, Sel (AM-1/2 day)",1,650.00
RFQ-60,4602503000022027080,4602503000022027119,2026-01-20 10:36:51,2026-01-20 10:36:51,1,DC MCB 2P 550VDC 20A,,200,
RFQ-60,4602503000022027080,4602503000022027121,2026-01-20 10:36:51,2026-01-20 10:36:51,2,DC FUSE HOLDER - 20A 1000VDC,,100,
RFQ-60,4602503000022027080,4602503000022027123,2026-01-20 10:36:51,2026-01-20 10:36:51,3,DC Fuse Link - 20A 1000VDC,,100,
RFQ-60,4602503000022027080,4602503000022027125,2026-01-20 10:36:51,2026-01-20 10:36:51,4,1000V 4mm^2 solar connector,MALE & FEMALE (SET),5000,
RFQ-60,4602503000022027080,4602503000022027127,2026-01-20 10:36:51,2026-01-20 10:36:51,5,"AC SPD - 4P, 420VAC, 20~40KA",,50,
RFQ-61,4602503000022023896,4602503000022023898,2026-01-20 10:54:24,2026-01-20 10:54:24,1,"SUMMER SOLAR WATER HEATER TANK, 300L, GVAL",,50,116.44
RFQ-61,4602503000022023896,4602503000022023900,2026-01-20 10:54:24,2026-01-20 10:54:24,2,"PART KIT, 300L, DIRECT, CARTON",,20,376.96
RFQ-62,4602503000022023919,4602503000022023921,2026-01-20 10:59:43,2026-01-20 10:59:43,1,MERU MP55 HCM WRAPPED BASIC,,2,341.00
RFQ-63,4602503000022023940,4602503000022023942,2026-01-20 11:01:51,2026-01-20 11:01:51,1,WCI FACTORY CUSTOM SERVICE,"To convert MP68 (HCM) to (HWM) Serial No. 1183434, 1183020 and 1183425",3,0.00
RFQ-64,4602503000022023961,4602503000022029321,2026-01-20 12:19:25,2026-01-20 12:19:25,1,Crane Rental (20 Tonne),"11, Lorong CP 8/27, Cheras Perdana, 43200 Cheras, Sel (AM-1/2 day)",1,650.00
RFQ-65,4602503000022027210,4602503000022027212,2026-01-20 15:05:34,2026-01-20 15:05:34,1,AC MCCB-400A TPN 3 POLE 50KA C/W SPREADER BUSBAR,,3,
RFQ-65,4602503000022027210,4602503000022027214,2026-01-20 15:05:34,2026-01-20 15:05:34,2,Tinned Copper Busbar 400A 5WAYS 6MMX45MM,"C/W INSULATOR, STAND & ACCESSORIES",6,
RFQ-66,4602503000022042002,4602503000022042027,2026-01-21 09:54:04,2026-01-21 09:54:04,1,Skylift (27 M),"SKYLIFT 24M DATE : 10/1/2026, ADDRESS : A8, JALAN RAWANG MUTIARA 2, RAWANG 48000, SELANGOR. ",1,
RFQ-66,4602503000022042002,4602503000022042029,2026-01-21 09:54:04,2026-01-21 09:54:04,2,Skylift (27 M),"SKYLIFT 27M FULLDAY DATE : 15/1/2026, ADDRESS : PHASE 21, JALAN FAUNA 2, BANDAR RIMBAYU, TELUK PANGLIMA GARANG",1,
RFQ-66,4602503000022042002,4602503000022042031,2026-01-21 09:54:04,2026-01-21 09:54:04,3,Skylift (27 M),"SKYLIFT 27M FULLDAY DATE : 15/1/2026, ADDRESS : NO 1, JALAN BUKIT MENTARI SELATAN 7/2, SEKSYEN 7, PETALING JAYA",1,
RFQ-66,4602503000022042002,4602503000022042033,2026-01-21 09:54:04,2026-01-21 09:54:04,4,Skylift (27 M),"SKYLIFT 27M FULLDAY DATE : 20/1/2026, ADDRESS : PHASE 21, JALAN FAUNA 2, BANDAR RIMBAYU, TELUK PANGLIMA GARANG",1,
RFQ-67,4602503000022042049,4602503000022042051,2026-01-21 09:59:22,2026-01-21 09:59:22,1,Skylift (27 M),"SKYLIFT 27M FULLDAY DATE : 14/1/2026, ADDRESS : PHASE 21, JALAN FAUNA 2, BANDAR RIMBAYU, TELUK PANGLIMA GARANG",1,
RFQ-67,4602503000022042049,4602503000022042053,2026-01-21 09:59:22,2026-01-21 09:59:22,2,Skylift (27 M),"SKYLIFT 27M FULLDAY DATE : 16/1/2026, ADDRESS : PHASE 21, JALAN FAUNA 2, BANDAR RIMBAYU, TELUK PANGLIMA GARANG",1,
RFQ-67,4602503000022042049,4602503000022042055,2026-01-21 09:59:22,2026-01-21 09:59:22,3,Skylift (27 M),"SKYLIFT 27M FULLDAY DATE : 13/1/2026, ADDRESS : PHASE 21, JALAN FAUNA 2, BANDAR RIMBAYU, TELUK PANGLIMA GARANG",1,
RFQ-68,4602503000022056025,4602503000022056027,2026-01-21 10:43:28,2026-01-21 10:43:28,1,Labour - Manufacturing Services,"To repair, replace and PU 2 units of Meru MP55 (HCM) due to tank dented (Serial No. 1184494 and 1184495)",2,0.00
RFQ-69,4602503000022056046,4602503000022056048,2026-01-21 10:49:48,2026-01-21 10:49:48,1,V-Bond Roof Tiles,,200,25.00
RFQ-40,4602503000021807126,4602503000022042091,2026-01-21 12:14:58,2026-01-21 12:14:58,1,RAPID SHUTDOWN,,137,
RFQ-40,4602503000021807126,4602503000022042093,2026-01-21 12:14:58,2026-01-21 12:14:58,3,HOYMILES SOLAR PV LV BATTERY 16KWH,,20,
RFQ-40,4602503000021807126,4602503000022042095,2026-01-21 12:14:58,2026-01-21 12:14:58,4,HOYMILES HYBRID INVERTER 20KW 3-PHASE 4 MPPT,,7,
RFQ-40,4602503000021807126,4602503000022042097,2026-01-21 12:14:58,2026-01-21 12:14:58,5,TRANSMITTER,,2,
RFQ-40,4602503000021807126,4602503000022042099,2026-01-21 12:14:58,2026-01-21 12:14:58,6,HUAWEI SMART ENERGY METER,DTSU666-H 250A/50mA,2,
RFQ-70,4602503000022095001,4602503000022095024,2026-01-22 07:21:56,2026-01-22 07:21:56,1,DC CABLE - Fireproof 1C x 4mm^2 (1000 meters / Drum) Black,,2000,0.00
RFQ-73,4602503000022095110,4602503000022095112,2026-01-22 08:41:35,2026-01-22 08:41:35,1,"CABLE WIRE GREY, 300/500V, 3 CORE, 2.5MM2 X 1500MM",,10,0.00
RFQ-74,4602503000022095133,4602503000022095148,2026-01-22 09:20:23,2026-01-22 09:20:23,1,Crane Rental (20 Tonne),"21/01/2026 - 16, Jln Setia Tropika U13/20C, Bdr Setia Eco Park, 40170 Shah Alam, Sel. (AM-1/2 day)",1,650.00
RFQ-74,4602503000022095133,4602503000022095150,2026-01-22 09:20:23,2026-01-22 09:20:23,2,Crane Rental (20 Tonne),"22/01/2026 - 2334, Lorong Hillview 3A, Tmn Hill View, 68000 Ampang, Sel. (AM-Full day)",1,950.00
RFQ-75,4602503000022095272,4602503000022095295,2026-01-22 09:54:48,2026-01-22 09:54:48,1,RS485 COMMUNICATION CABLE,,200,0.00
RFQ-76,4602503000022099029,4602503000022099031,2026-01-22 11:01:40,2026-01-22 11:01:40,2,"PART KIT, 300L, DIRECT, CARTON",,20,376.96
RFQ-77,4602503000022133001,4602503000022133022,2026-01-22 19:31:38,2026-01-22 19:31:38,,Skylift (27 M),"Skylift 27m 23/01/26 @ 9AM 1. Site Address: A-8, JALAN RAWANG MUTIARA 2, RAWANG MUTIARA, RAWANG, 48000, SELANGOR - Site PIC: Fatt +60 12-232 3332 - Skylift PIC:",1,795.00
RFQ-78,4602503000022142001,4602503000022142003,2026-01-23 08:55:33,2026-01-23 08:55:33,1,Cement (50kg),,10,
RFQ-78,4602503000022142001,4602503000022142005,2026-01-23 08:55:33,2026-01-23 08:55:33,2,Concrete Sand (20kg),,100,
RFQ-78,4602503000022142001,4602503000022142007,2026-01-23 08:55:33,2026-01-23 08:55:33,3,Concrete Stone (20kg),,80,
RFQ-79,4602503000022144001,4602503000022144003,2026-01-23 09:28:18,2026-01-23 09:28:18,1,Transportation Charge,"(5 ton) Project Site at Phase 21, Lorong Fauna 2, Bandar Rimbayu, Teluk Panglima Garang (Loading 24/01/26 at 11.00am and Delivery on 26/01/26 at 9.00am)",1,
RFQ-79,4602503000022144001,4602503000022144005,2026-01-23 09:28:18,2026-01-23 09:28:18,2,Transportation Charge,"(5 ton) Project Site at Phase 21, Lorong Fauna 2, Bandar Rimbayu, Teluk Panglima Garang (Loading 26/01/26 at 3.00pm and Delivery on 27/01/26 at 9.00am)",1,
RFQ-80,4602503000022144024,4602503000022144026,2026-01-23 09:30:09,2026-01-23 09:30:09,1,Crane Rental (20 Tonne),IJM Construction Sdn Bhd PD-2148  Crane Type: 20 tonne  Delivery Date: 26/01/2026 (Full Day),1,
RFQ-80,4602503000022144024,4602503000022144028,2026-01-23 09:30:09,2026-01-23 09:30:09,2,Crane Rental (20 Tonne),IJM Construction Sdn Bhd PD-2148  Crane Type: 20 tonne  Delivery Date: 27/01/2026 (Full Day),1,
RFQ-83,4602503000022142159,4602503000022142180,2026-01-23 10:27:07,2026-01-23 10:27:07,1,WCI FACTORY CUSTOM SERVICE,To convert MP90(HMW) 9kW to MP90 3kW Serial No. 1183972,1,0.00
RFQ-81,4602503000022142111,4602503000022142192,2026-01-23 10:27:26,2026-01-23 10:27:26,1,Labour - Manufacturing Services,To carton 4 units of Model : 300CX Tank and To Carton 6 pcs of CX Panel (Half Carton),1,
RFQ-81,4602503000022142111,4602503000022142194,2026-01-23 10:27:26,2026-01-23 10:27:26,2,"CARTON SUMMER, 300L / 66G, T515MM X W515MM X L2330MM","Tank Serial No. 1184753, 1184754, 1184755 and 1184757",4,49.35
RFQ-81,4602503000022142111,4602503000022142196,2026-01-23 10:27:26,2026-01-23 10:27:26,3,"CARTON COLLECTOR, T85MM X W255MM X L1015MM","Panel Serial No. C2112853, C2112852, C2112851 C2112850, C2112849 and C2112848",12,1.79
RFQ-82,4602503000022142136,4602503000022142212,2026-01-23 10:27:37,2026-01-23 10:27:37,1,"SUMMER SOLAR WATER HEATER TANK, DIRECT 180L, GVAL",,3,860.39
RFQ-82,4602503000022142136,4602503000022142214,2026-01-23 10:27:37,2026-01-23 10:27:37,2,"CARTON SUMMER, 180L/40G, T513MM x W255MM x L1015MM",,1,29.18
RFQ-84,4602503000022142228,4602503000022142230,2026-01-23 10:30:58,2026-01-23 10:30:58,1,MERU MP136 HWM - 3 X 3KW S316 T2MM WRAPPED PTV,,22,1302.32
RFQ-85,4602503000022142249,4602503000022142251,2026-01-23 10:32:26,2026-01-23 10:32:26,1,MERU MP75 HCM WRAPPED BASIC,,5,404.61
RFQ-86,4602503000022142270,4602503000022142272,2026-01-23 10:51:33,2026-01-23 10:51:33,1,Compression Elbow C x C 15mm,,1500,
RFQ-86,4602503000022142270,4602503000022142274,2026-01-23 10:51:33,2026-01-23 10:51:33,2,"Copper compression elbow C x FI 015mm x 1/2""",,1500,
RFQ-86,4602503000022142270,4602503000022142276,2026-01-23 10:51:33,2026-01-23 10:51:33,3,"Copper Compression Elbow C x MI 015mm x 1/2""",,1500,
RFQ-86,4602503000022142270,4602503000022142278,2026-01-23 10:51:33,2026-01-23 10:51:33,4,"Copper Compression Coupling C x MI 015mm x 1/2""",,1000,
RFQ-87,4602503000022142305,4602503000022142307,2026-01-23 11:08:36,2026-01-23 11:08:36,1,AC wire 6mmx100m BLACK,,15,
RFQ-87,4602503000022142305,4602503000022142309,2026-01-23 11:08:36,2026-01-23 11:08:36,2,"AC WIRE, 6mmx100m, GREEN",,10,
RFQ-88,4602503000022142332,4602503000022142334,2026-01-23 11:19:58,2026-01-23 11:19:58,1,PVC pipe clip 1 inch,,50,
RFQ-89,4602503000022142381,4602503000022142383,2026-01-23 12:21:52,2026-01-23 12:21:52,1,Rail SLR-R02-Light 5200MM,,100,0.00
RFQ-89,4602503000022142381,4602503000022142385,2026-01-23 12:21:52,2026-01-23 12:21:52,2,Rail Splice,,300,0.00
RFQ-89,4602503000022142381,4602503000022142387,2026-01-23 12:21:52,2026-01-23 12:21:52,3,L Feet 21# with Bolt M8 x 25 and Nut,,500,0.00
RFQ-89,4602503000022142381,4602503000022142389,2026-01-23 12:21:52,2026-01-23 12:21:52,4,TILE HOOK #01-SLR-CTH-01 ( AL6005-5 / SUS 304 ) - POTRAIT,,200,0.00
RFQ-90,4602503000022142449,4602503000022142451,2026-01-23 12:25:52,2026-01-23 12:25:52,1,Labour - Manufacturing Services,To carton 2 units of Model : 300CX Tank ,1,
RFQ-90,4602503000022142449,4602503000022142453,2026-01-23 12:25:52,2026-01-23 12:25:52,2,"CARTON SUMMER, 300L / 66G, T515MM X W515MM X L2330MM",Tank Serial No. 1184767 and 1184766,2,49.35
RFQ-91,4602503000022142537,4602503000022142539,2026-01-23 12:35:54,2026-01-23 12:35:54,1,DC CABLE - Fireproof 1C x 4mm^2 (1000 meters / Drum) Black,,2000,0.00
RFQ-92,4602503000022153379,4602503000022153381,2026-01-23 16:37:58,2026-01-23 16:37:58,1,Rail SLR-R02-Light 5200MM,,100,0.00
RFQ-92,4602503000022153379,4602503000022153383,2026-01-23 16:37:58,2026-01-23 16:37:58,2,Rail Splice,,300,0.00
RFQ-92,4602503000022153379,4602503000022153385,2026-01-23 16:37:58,2026-01-23 16:37:58,3,L Feet 21# with Bolt M8 x 25 and Nut,,500,0.00
RFQ-92,4602503000022153379,4602503000022153387,2026-01-23 16:37:58,2026-01-23 16:37:58,4,TILE HOOK #01-SLR-CTH-01 ( AL6005-5 / SUS 304 ) - POTRAIT,,200,0.00
RFQ-71,4602503000022095040,4602503000022250071,2026-01-26 09:24:05,2026-01-26 09:24:05,1,Crane Rental (25 Tonne),"5, Lorong Buluh Perindu 2, Taman SA, 59000 K. Lumpur (Full Day)",1,1200.00
RFQ-93,4602503000022250081,4602503000022250083,2026-01-26 09:37:24,2026-01-26 09:37:24,1,"Heating Element Incoloy 800, Red Sealant, 3kW/240V, L315mm, Straight",,30,23.83
RFQ-93,4602503000022250081,4602503000022250085,2026-01-26 09:37:24,2026-01-26 09:37:24,2,"GASKET HEATING ELEMENT BLACK, RUBBER, T11MM X W64MM X L64MM",,30,1.88
RFQ-94,4602503000022254099,4602503000022254101,2026-01-26 12:26:18,2026-01-26 12:26:18,1,Labour - Manufacturing Services,To carton 7 units of Model : 300CX Tank and To Carton 14 pcs of CX Panel (Half Carton),1,
RFQ-94,4602503000022254099,4602503000022254103,2026-01-26 12:26:18,2026-01-26 12:26:18,2,"CARTON SUMMER, 300L / 66G, T515MM X W515MM X L2330MM","Tank Serial No. 1184746, 1184747, 1184748, 1184749, 1184750, 1184751 and 1184752",7,49.35
RFQ-94,4602503000022254099,4602503000022254105,2026-01-26 12:26:18,2026-01-26 12:26:18,3,"CARTON COLLECTOR, T85MM X W255MM X L1015MM","Panel Serial No. C2113246, C2113247, C2113248, C2113249, C2113250, C2113251, C2113252, C2113253, C2113254, C2113255, C2113256, C2113257, C2113258 and C2113259",28,1.79
RFQ-95,4602503000022254923,4602503000022254925,2026-01-26 17:14:38,2026-01-26 17:14:38,1,WCI FACTORY CUSTOM SERVICE,Urgent need to wrap 300CX Tank with extra plastic (SN: 1184754) ,1,0.00
RFQ-72,4602503000022095073,4602503000022254944,2026-01-26 17:17:07,2026-01-26 17:17:07,1,Transportation Charge,"Lorry Size: 3 tonne Pick Up Date: 26/01/2026 (Loading Time at 10.30am) & Delivery Date : 27/01/2026 Destination:  19-G, Jalan Vervea 12, Aspen Vision City, Bandar Cassia, 14110 Batu Kawan, Pulau Pinang",1,950.00
RFQ-96,4602503000022254954,4602503000022254956,2026-01-26 17:21:48,2026-01-26 17:21:48,1,WCI FACTORY CUSTOM SERVICE,To convert MP75(HMW) to MP75(HWM-L) Serial No. 1182109,1,0.00
RFQ-97,4602503000022257096,4602503000022257098,2026-01-27 09:34:07,2026-01-27 09:34:07,1,BRACKET - PV BATTERY L500MM X W240MM X H300MM WALL,,10,108.00
RFQ-98,4602503000022230008,4602503000022230010,2026-01-27 10:00:00,2026-01-27 10:00:00,1,WCI FACTORY CUSTOM SERVICE,prefabricate combiner box 108 sets,108,
RFQ-99,4602503000022257620,4602503000022257622,2026-01-27 11:50:18,2026-01-27 11:50:18,1,Crane Rental (20 Tonne),"Destination: 22 Quartz@Shah Alam, Plot 1, Lot 98514 Jalan Padi U12/41, Seksyen U12, Mukim Bukit Raja, 40170 Shah Alam, Selangor Darul Ehsan (Delivery Date: 29/01/2026 Full Day",1,950.00
RFQ-100,4602503000022257641,4602503000022257643,2026-01-27 12:21:16,2026-01-27 12:21:16,1,SUMMER SOLAR 300 FLAT INSTALLATION KIT,(LTFG-000589),5,236.75
RFQ-101,4602503000022277076,4602503000022277078,2026-01-27 14:31:12,2026-01-27 14:31:12,1,"SUMMER SOLAR COLLECTOR, TITANIUM, CARTON",,3,675.60
RFQ-102,4602503000022277350,4602503000022277371,2026-01-27 16:14:49,2026-01-27 16:14:49,1,WCI FACTORY CUSTOM SERVICE,To convert MP55(HMW-L) to MP55 (HCM) (SN: 1182009 and 1182010) Due to demand for MP55(HCM) and no movement for HWM-L 	,2,
RFQ-103,4602503000022308001,4602503000022308003,2026-01-28 08:09:28,2026-01-28 08:09:28,1,Crane Rental (20 Tonne)," Site Address: A-8, JALAN RAWANG MUTIARA 2, RAWANG MUTIARA, RAWANG, 48000, SELANGOR - Site PIC: Fatt +60 12-232 3332 (AM-Half Day)",1,650.00
RFQ-104,4602503000022308022,4602503000022308024,2026-01-28 09:44:15,2026-01-28 09:44:15,1,COCONUT SHELL BASE ACTIVATED CARBON,25 KG PER BAG,250,11.00
RFQ-104,4602503000022308022,4602503000022308026,2026-01-28 09:44:15,2026-01-28 09:44:15,2,"KINETICO MEDIA DURACUBE SALT - RTL, 25kg",25kg per bag ,20,75.00
RFQ-105,4602503000022282073,4602503000022282075,2026-01-28 10:00:03,2026-01-28 10:00:03,1,Crane Rental (20 Tonne),"destination : 32, Jalan 2/10, Taman Koperasi Polis, Batu Caves 68100 Kuala Lumpur. 20T crane full day 26/1/2026",1,950.00
RFQ-106,4602503000022282094,4602503000022282096,2026-01-28 10:34:22,2026-01-28 10:34:22,1,Skylift (27 M),"27M SKYLIFT FULDAY DATE : 24/1/2026. LOCATION : 16, JALAN SETIA TROPIKA U13/20C, BANDAR SETIA ECO PARK, 40170 SHAH ALAM ",1,750.00
RFQ-106,4602503000022282094,4602503000022282098,2026-01-28 10:34:22,2026-01-28 10:34:22,2,Skylift (27 M),"27M SKYLIFT FULLDAY DATE 26/1/2026. LOCATION : 3, Jalan 1/5, Taman Sri Jaromas, Jenjarom, 42600, Selangor",1,750.00
RFQ-106,4602503000022282094,4602503000022282100,2026-01-28 10:34:22,2026-01-28 10:34:22,3,Skylift (27 M),"27M SKYLIFT FULLDAY DATE 27/1/2026. LOCATION : 49, Jalan BS 13/1A, Taman Bukit Serdang, Seri Kembangan, 43300, Selangor",1,750.00
RFQ-107,4602503000022308349,4602503000022308351,2026-01-28 10:34:24,2026-01-28 10:34:24,1,"Pressure TeMPerature Valve 700KPA, 1/2""",,30,69.61
RFQ-107,4602503000022308349,4602503000022308353,2026-01-28 10:34:24,2026-01-28 10:34:24,2,"Check Valve 1/2'', BSP",,30,21.71
RFQ-108,4602503000022303033,4602503000022303035,2026-01-28 10:58:48,2026-01-28 10:58:48,1,ANGLE SENSOR-KENG GUAN-SK27A,BOOM ANGLE SENSOR,1,4200.00
RFQ-108,4602503000022303033,4602503000022303037,2026-01-28 10:58:48,2026-01-28 10:58:48,2,ROTATION SENSOR-KENG GUAN-SK27A,BOOM ROTATION SENSOR,1,4350.00
RFQ-108,4602503000022303033,4602503000022303039,2026-01-28 10:58:48,2026-01-28 10:58:48,3,KENG GUAN - LABOUR CHARGES,LABOUR CHANGES TO CHANGE ANGLE SENSOR,1,350.00
RFQ-108,4602503000022303033,4602503000022303041,2026-01-28 10:58:48,2026-01-28 10:58:48,4,KENG GUAN - LABOUR CHARGES,LABOUR CHARGES TO CHANGE ROTATION SENSOR,1,450.00
RFQ-109,4602503000022308469,4602503000022308471,2026-01-28 11:45:16,2026-01-28 11:45:16,1,"Summer Solar Collector, CX BlACK, ZnAl",,50,529.86
RFQ-110,4602503000022315510,4602503000022315561,2026-01-28 15:28:01,2026-01-28 15:28:01,1,Installation Raiser Kit,(LTFG-000599) for 300L/66G-2 Collectors-Flat(Metal Deck),1,43.39
RFQ-111,4602503000022296200,4602503000022296202,2026-01-28 16:03:31,2026-01-28 16:03:31,1,RS485 COMMUNICATION CABLE,CAT 6 CABLE (8 PIN INPUT) ,200,0.00
RFQ-112,4602503000022344001,4602503000022344003,2026-01-29 08:35:12,2026-01-29 08:35:12,1,Labour - Manufacturing Services,To carton 3 units of Model : 300CX Tank and To Carton 6 pcs of CX Panel (Half Carton),1,
RFQ-112,4602503000022344001,4602503000022344005,2026-01-29 08:35:12,2026-01-29 08:35:12,2,"CARTON SUMMER, 300L / 66G, T515MM X W515MM X L2330MM","Tank Serial No. 1184772, 1184773 and 1184774",3,49.35
RFQ-112,4602503000022344001,4602503000022344007,2026-01-29 08:35:12,2026-01-29 08:35:12,3,"CARTON COLLECTOR, T85MM X W255MM X L1015MM","CX Panel Serial No. C2113022, C2113023, C2113024, C2113025, C2113026 and C2113027",12,1.79
RFQ-113,4602503000022344026,4602503000022344028,2026-01-29 09:54:27,2026-01-29 09:54:27,1,MP100-MERU-OD430MM-OC[ZNAL 0.45MM]- IT[SS304-1.2MM]-HWM-1H-NC-3KW-CEV-SOLARTECH,With Carton,1,0.00
RFQ-113,4602503000022344026,4602503000022344030,2026-01-29 09:54:27,2026-01-29 09:54:27,2,MP150-MERU-OD150MM-OC[ZNAL 0.45MM]-IT[SS304-1.2MM]-VFM-1H-NC-CEV-3KW-SOLARTECHWRAP,With Carton,2,0.00
RFQ-113,4602503000022344026,4602503000022344032,2026-01-29 09:54:27,2026-01-29 09:54:27,3,MP200-MERU-OD610MM-OC[ZNAL 0.45MM]-IT[SS304-1.2MM]-VFM-1H-NC3KW-MERU-PTV-WRAP,With Carton,3,0.00
RFQ-113,4602503000022344026,4602503000022344034,2026-01-29 09:54:27,2026-01-29 09:54:27,4,Calorifier 66GR-MERU-OD610MM-OC[EG 1.5MM]-IT[SS304-2.0MM]-VFM1H-9KW,With Carton ,4,0.00
RFQ-113,4602503000022344026,4602503000022344036,2026-01-29 09:54:27,2026-01-29 09:54:27,5,MP55-MERU-OD430MM-OC[ZNAL 0.45MM]-IT[SS304-1.2MM]-HWM-1H-NC-CARTON-CEV-SOLARTECH,With Carton ,1,0.00
RFQ-113,4602503000022344026,4602503000022344038,2026-01-29 09:54:27,2026-01-29 09:54:27,6,MP30-MERU-OD355MM-OC[ZNAL 0.45MM]-IT[SS304-1.2MM]-HWM-1H-NC-CEV-SOLARTECH,With Carton ,4,0.00
RFQ-114,4602503000022344681,4602503000022344683,2026-01-29 14:27:15,2026-01-29 14:27:15,2,"PART KIT, 300L, DIRECT, CARTON",,30,376.96
RFQ-115,4602503000022358094,4602503000022358096,2026-01-29 16:23:45,2026-01-29 16:23:45,1,Growatt 6kW 3P 2MPPT S.Inverter,,1,
RFQ-116,4602503000022386465,4602503000022386467,2026-01-30 10:13:47,2026-01-30 10:13:47,1,"MP38 ELECTRIC HEATER - HWM, WRAP, MERU, CEV",,2,342.25
RFQ-117,4602503000022386527,4602503000022386529,2026-01-30 10:22:29,2026-01-30 10:22:29,1,WCI FACTORY CUSTOM SERVICE,To convert MP15(HCM) to MP15(HWM) (SN: 1183969) ,1,
RFQ-118,4602503000022386548,4602503000022386550,2026-01-30 10:32:44,2026-01-30 10:32:44,1,"MP90 ELECTRIC HEATER – SS316 HWM, MERU, PTV",,20,768.53
RFQ-118,4602503000022386548,4602503000022386552,2026-01-30 10:32:44,2026-01-30 10:32:44,2,MERU MP136 HWM - 3 X 3KW S316 T2MM WRAPPED PTV,,43,1302.32
RFQ-119,4602503000022389002,4602503000022389004,2026-01-30 10:47:45,2026-01-30 10:47:45,1,Rail SLR-R02-Light 2600mm,,170,
RFQ-119,4602503000022389002,4602503000022389006,2026-01-30 10:47:45,2026-01-30 10:47:45,2,END CLAMP 30MM SLR-EC-30-D ( AL6005-T5 / SUS 304 ),,180,
RFQ-119,4602503000022389002,4602503000022389008,2026-01-30 10:47:45,2026-01-30 10:47:45,3,TILE HOOK #01-SLR-CTH-01 ( AL6005-5 / SUS 304 ) - POTRAIT,,260,
RFQ-120,4602503000022389041,4602503000022389043,2026-01-30 11:02:28,2026-01-30 11:02:28,1,AC wire 6mmx100m BLACK,,6,
RFQ-120,4602503000022389041,4602503000022389045,2026-01-30 11:02:28,2026-01-30 11:02:28,2,"AC WIRE, 6mmx100m, GREEN",,6,
RFQ-120,4602503000022389041,4602503000022389047,2026-01-30 11:02:28,2026-01-30 11:02:28,3,RS485 COMMUNICATION CABLE,8 PIN INPUT (100M PER ROLL),1,
